{"top":{"CITRIC":0.3196421309475396,"FRUITY":0.2818218788125254,"FLORAL":0.15778771858479057,"SPICY":0.06832045546970313,"GREEN":0.061407076047173645,"HERBACIOUS":0.02074013826758845,"GOURMANDY":0.017486783245221633,"BEVERAGES":0.008133387555917039,"TEA":0.008133387555917039,"SYNTHETIC":0.0073200488003253355,"WOODY":0.0069133794225294835,"RESINOUS":0.0069133794225294835,"AQUATIC":0.0061000406669377795,"ALDEHYDE":0.004473363155754371,"ORIENTAL":0.004066693777958519,"ALCOHOLIC_DISTILLED":0.0036600244001626678,"MUSK":0.0016266775111834079,"POWDERY":0.0012200081333875558,"SMOKY":0.0012200081333875558,"ALCOHOLIC_FERMENTED":0.0012200081333875558,"ANIMALIC":0.0012200081333875558,"LEATHER":4.0666937779585197E-4,"GRAIN":4.0666937779585197E-4,"AMBER":4.0666937779585197E-4,"MINERAL":4.0666937779585197E-4,"MOSSY":4.0666937779585197E-4},"heart":{"FLORAL":0.6725102573666543,"FRUITY":0.09212980231256994,"SPICY":0.03729951510630362,"GREEN":0.02946661693397986,"POWDERY":0.02126072361059306,"WOODY":0.02126072361059306,"GOURMANDY":0.02051473330846699,"ORIENTAL":0.01864975755315181,"CITRIC":0.01454681089145841,"HERBACIOUS":0.01454681089145841,"RESINOUS":0.008205893323386795,"TEA":0.005221932114882507,"SYNTHETIC":0.00484893696381947,"BEVERAGES":0.004475941812756434,"SMOKY":0.004102946661693398,"AQUATIC":0.003729951510630362,"ANIMALIC":0.0033569563595673255,"MUSK":0.0029839612085042896,"LEATHER":0.002237970906378217,"GRAIN":0.0011189854531891085,"AMBER":0.0011189854531891085,"TEXTILE":7.459903021260724E-4,"ALCOHOLIC_DISTILLED":7.459903021260724E-4,"BALSAMIC":7.459903021260724E-4,"ALDEHYDE":7.459903021260724E-4,"ALCOHOLIC_FERMENTED":3.729951510630362E-4,"MINERAL":3.729951510630362E-4,"MOSSY":3.729951510630362E-4},"base":{"WOODY":0.23372224313135115,"ORIENTAL":0.22732404968009032,"MUSK":0.19194580353782462,"AMBER":0.07677832141512984,"FLORAL":0.041400075272864136,"RESINOUS":0.03312006021829131,"ANIMALIC":0.02860368837034249,"GREEN":0.026345502446368085,"GOURMANDY":0.02220549491908167,"SPICY":0.016936394429808054,"FRUITY":0.016936394429808054,"MOSSY":0.013549115543846444,"POWDERY":0.012420022581859239,"SYNTHETIC":0.011667293940534437,"LEATHER":0.00940910801656003,"BALSAMIC":0.007150922092585623,"SMOKY":0.00639819345126082,"HERBACIOUS":0.0030109145652992097,"CITRIC":0.002258185923974407,"TEA":0.002258185923974407,"AQUATIC":0.001881821603312006,"BEVERAGES":0.0015054572826496049,"GRAIN":0.0011290929619872036,"TEXTILE":7.527286413248024E-4,"TOBBACO":7.527286413248024E-4,"MINERAL":7.527286413248024E-4,"EARTHY":3.763643206624012E-4}}